ID;Имя;Телефон;Telegram ник;python-lesson-lists-creation;Дата решения;Время решения;python-lesson-lists-simple;Дата решения;Время решения;python-lesson-lists-slice;Дата решения;Время решения;python-lesson-lists;Дата решения;Время решения;python-lesson-dict-simple;Дата решения;Время решения;python-lesson-dict-methods;Дата решения;Время решения;python-lesson-dict-loops;Дата решения;Время решения;python-lesson-tuples;Дата решения;Время решения;python-lesson-sets-simple;Дата решения;Время решения;python-lesson-sets-methods;Дата решения;Время решения;python-lesson-collections-unique-letter;Дата решения;Время решения;python-lesson-string-methods;Дата решения;Время решения;python-lesson-collections-operation1;Дата решения;Время решения;python-lesson-collections-operation2;Дата решения;Время решения;python-lesson-collections-operation3;Дата решения;Время решения
474334312;Аполонова Оксана;380991900684;;python-lesson-lists-creation;-;-;python-lesson-lists-simple;-;-;python-lesson-lists-slice;-;-;python-lesson-lists;-;-;python-lesson-dict-simple;-;-;python-lesson-dict-methods;-;-;python-lesson-dict-loops;-;-;python-lesson-tuples;-;-;python-lesson-sets-simple;-;-;python-lesson-sets-methods;-;-;python-lesson-collections-unique-letter;-;-;python-lesson-string-methods;-;-;python-lesson-collections-operation1;-;-;python-lesson-collections-operation2;-;-;python-lesson-collections-operation3;-;-
1047814407;Светлана;380505984483;Svetli_P;python-lesson-lists-creation;-;-;python-lesson-lists-simple;-;-;python-lesson-lists-slice;-;-;python-lesson-lists;-;-;python-lesson-dict-simple;-;-;python-lesson-dict-methods;-;-;python-lesson-dict-loops;-;-;python-lesson-tuples;-;-;python-lesson-sets-simple;-;-;python-lesson-sets-methods;-;-;python-lesson-collections-unique-letter;-;-;python-lesson-string-methods;-;-;python-lesson-collections-operation1;-;-;python-lesson-collections-operation2;-;-;python-lesson-collections-operation3;-;-
975255958;Полина;380501013899;;python-lesson-lists-creation;-;-;python-lesson-lists-simple;-;-;python-lesson-lists-slice;-;-;python-lesson-lists;-;-;python-lesson-dict-simple;-;-;python-lesson-dict-methods;-;-;python-lesson-dict-loops;-;-;python-lesson-tuples;-;-;python-lesson-sets-simple;-;-;python-lesson-sets-methods;-;-;python-lesson-collections-unique-letter;-;-;python-lesson-string-methods;-;-;python-lesson-collections-operation1;-;-;python-lesson-collections-operation2;-;-;python-lesson-collections-operation3;-;-
479087658;???;380507729116;PesecZ;python-lesson-lists-creation;-;-;python-lesson-lists-simple;-;-;python-lesson-lists-slice;-;-;python-lesson-lists;-;-;python-lesson-dict-simple;-;-;python-lesson-dict-methods;-;-;python-lesson-dict-loops;-;-;python-lesson-tuples;-;-;python-lesson-sets-simple;-;-;python-lesson-sets-methods;-;-;python-lesson-collections-unique-letter;-;-;python-lesson-string-methods;-;-;python-lesson-collections-operation1;-;-;python-lesson-collections-operation2;-;-;python-lesson-collections-operation3;-;-
467025990;Анна;380937366835;;python-lesson-lists-creation;-;-;python-lesson-lists-simple;-;-;python-lesson-lists-slice;-;-;python-lesson-lists;-;-;python-lesson-dict-simple;-;-;python-lesson-dict-methods;-;-;python-lesson-dict-loops;-;-;python-lesson-tuples;-;-;python-lesson-sets-simple;-;-;python-lesson-sets-methods;-;-;python-lesson-collections-unique-letter;-;-;python-lesson-string-methods;-;-;python-lesson-collections-operation1;-;-;python-lesson-collections-operation2;-;-;python-lesson-collections-operation3;-;-
695609073;Svitlana Kravchenko;380667609948;SvetLana0801;python-lesson-lists-creation;-;-;python-lesson-lists-simple;-;-;python-lesson-lists-slice;-;-;python-lesson-lists;-;-;python-lesson-dict-simple;-;-;python-lesson-dict-methods;-;-;python-lesson-dict-loops;-;-;python-lesson-tuples;-;-;python-lesson-sets-simple;-;-;python-lesson-sets-methods;-;-;python-lesson-collections-unique-letter;-;-;python-lesson-string-methods;-;-;python-lesson-collections-operation1;-;-;python-lesson-collections-operation2;-;-;python-lesson-collections-operation3;-;-
927728843;Любовь Сидельник;380685376010;;python-lesson-lists-creation;-;-;python-lesson-lists-simple;-;-;python-lesson-lists-slice;-;-;python-lesson-lists;-;-;python-lesson-dict-simple;-;-;python-lesson-dict-methods;-;-;python-lesson-dict-loops;-;-;python-lesson-tuples;-;-;python-lesson-sets-simple;-;-;python-lesson-sets-methods;-;-;python-lesson-collections-unique-letter;-;-;python-lesson-string-methods;-;-;python-lesson-collections-operation1;-;-;python-lesson-collections-operation2;-;-;python-lesson-collections-operation3;-;-
1312912070;Гриневич Анастасія;380976080879;;python-lesson-lists-creation;-;-;python-lesson-lists-simple;-;-;python-lesson-lists-slice;-;-;python-lesson-lists;-;-;python-lesson-dict-simple;-;-;python-lesson-dict-methods;-;-;python-lesson-dict-loops;-;-;python-lesson-tuples;-;-;python-lesson-sets-simple;-;-;python-lesson-sets-methods;-;-;python-lesson-collections-unique-letter;-;-;python-lesson-string-methods;-;-;python-lesson-collections-operation1;-;-;python-lesson-collections-operation2;-;-;python-lesson-collections-operation3;-;-
587683242;Альона Соцпрацівник;380974656542;;python-lesson-lists-creation;-;-;python-lesson-lists-simple;-;-;python-lesson-lists-slice;-;-;python-lesson-lists;-;-;python-lesson-dict-simple;-;-;python-lesson-dict-methods;-;-;python-lesson-dict-loops;-;-;python-lesson-tuples;-;-;python-lesson-sets-simple;-;-;python-lesson-sets-methods;-;-;python-lesson-collections-unique-letter;-;-;python-lesson-string-methods;-;-;python-lesson-collections-operation1;-;-;python-lesson-collections-operation2;-;-;python-lesson-collections-operation3;-;-
964770976;Вячеслав Гоман;380503037867;;python-lesson-lists-creation;-;-;python-lesson-lists-simple;-;-;python-lesson-lists-slice;-;-;python-lesson-lists;-;-;python-lesson-dict-simple;-;-;python-lesson-dict-methods;-;-;python-lesson-dict-loops;-;-;python-lesson-tuples;-;-;python-lesson-sets-simple;-;-;python-lesson-sets-methods;-;-;python-lesson-collections-unique-letter;-;-;python-lesson-string-methods;-;-;python-lesson-collections-operation1;-;-;python-lesson-collections-operation2;-;-;python-lesson-collections-operation3;-;-
414832191;Оксана Ксения;380660490193;;python-lesson-lists-creation;-;-;python-lesson-lists-simple;-;-;python-lesson-lists-slice;-;-;python-lesson-lists;-;-;python-lesson-dict-simple;-;-;python-lesson-dict-methods;-;-;python-lesson-dict-loops;-;-;python-lesson-tuples;-;-;python-lesson-sets-simple;-;-;python-lesson-sets-methods;-;-;python-lesson-collections-unique-letter;-;-;python-lesson-string-methods;-;-;python-lesson-collections-operation1;-;-;python-lesson-collections-operation2;-;-;python-lesson-collections-operation3;-;-
1087708559;Наталья;380931660346;;python-lesson-lists-creation;-;-;python-lesson-lists-simple;-;-;python-lesson-lists-slice;-;-;python-lesson-lists;-;-;python-lesson-dict-simple;-;-;python-lesson-dict-methods;-;-;python-lesson-dict-loops;-;-;python-lesson-tuples;-;-;python-lesson-sets-simple;-;-;python-lesson-sets-methods;-;-;python-lesson-collections-unique-letter;-;-;python-lesson-string-methods;-;-;python-lesson-collections-operation1;-;-;python-lesson-collections-operation2;-;-;python-lesson-collections-operation3;-;-
1182338813;Yana Doc;380932875755;;python-lesson-lists-creation;-;-;python-lesson-lists-simple;-;-;python-lesson-lists-slice;-;-;python-lesson-lists;-;-;python-lesson-dict-simple;-;-;python-lesson-dict-methods;-;-;python-lesson-dict-loops;-;-;python-lesson-tuples;-;-;python-lesson-sets-simple;-;-;python-lesson-sets-methods;-;-;python-lesson-collections-unique-letter;-;-;python-lesson-string-methods;-;-;python-lesson-collections-operation1;-;-;python-lesson-collections-operation2;-;-;python-lesson-collections-operation3;-;-
564450311;Оксана;380995418488;;python-lesson-lists-creation;-;-;python-lesson-lists-simple;-;-;python-lesson-lists-slice;-;-;python-lesson-lists;-;-;python-lesson-dict-simple;-;-;python-lesson-dict-methods;-;-;python-lesson-dict-loops;-;-;python-lesson-tuples;-;-;python-lesson-sets-simple;-;-;python-lesson-sets-methods;-;-;python-lesson-collections-unique-letter;-;-;python-lesson-string-methods;-;-;python-lesson-collections-operation1;-;-;python-lesson-collections-operation2;-;-;python-lesson-collections-operation3;-;-
526543227;Lesya Cherechecha;380677108423;;python-lesson-lists-creation;-;-;python-lesson-lists-simple;-;-;python-lesson-lists-slice;-;-;python-lesson-lists;-;-;python-lesson-dict-simple;-;-;python-lesson-dict-methods;-;-;python-lesson-dict-loops;-;-;python-lesson-tuples;-;-;python-lesson-sets-simple;-;-;python-lesson-sets-methods;-;-;python-lesson-collections-unique-letter;-;-;python-lesson-string-methods;-;-;python-lesson-collections-operation1;-;-;python-lesson-collections-operation2;-;-;python-lesson-collections-operation3;-;-
804266019;Ленчик;380935390075;;python-lesson-lists-creation;-;-;python-lesson-lists-simple;-;-;python-lesson-lists-slice;-;-;python-lesson-lists;-;-;python-lesson-dict-simple;-;-;python-lesson-dict-methods;-;-;python-lesson-dict-loops;-;-;python-lesson-tuples;-;-;python-lesson-sets-simple;-;-;python-lesson-sets-methods;-;-;python-lesson-collections-unique-letter;-;-;python-lesson-string-methods;-;-;python-lesson-collections-operation1;-;-;python-lesson-collections-operation2;-;-;python-lesson-collections-operation3;-;-
486898181;Оксана Пчела;380972595831;;python-lesson-lists-creation;-;-;python-lesson-lists-simple;-;-;python-lesson-lists-slice;-;-;python-lesson-lists;-;-;python-lesson-dict-simple;-;-;python-lesson-dict-methods;-;-;python-lesson-dict-loops;-;-;python-lesson-tuples;-;-;python-lesson-sets-simple;-;-;python-lesson-sets-methods;-;-;python-lesson-collections-unique-letter;-;-;python-lesson-string-methods;-;-;python-lesson-collections-operation1;-;-;python-lesson-collections-operation2;-;-;python-lesson-collections-operation3;-;-
131767040;Sergei Z;380661729906;;python-lesson-lists-creation;-;-;python-lesson-lists-simple;-;-;python-lesson-lists-slice;-;-;python-lesson-lists;-;-;python-lesson-dict-simple;-;-;python-lesson-dict-methods;-;-;python-lesson-dict-loops;-;-;python-lesson-tuples;-;-;python-lesson-sets-simple;-;-;python-lesson-sets-methods;-;-;python-lesson-collections-unique-letter;-;-;python-lesson-string-methods;-;-;python-lesson-collections-operation1;-;-;python-lesson-collections-operation2;-;-;python-lesson-collections-operation3;-;-
477710206;? Марина Гаврилова;380672821522;Ehcaz;python-lesson-lists-creation;-;-;python-lesson-lists-simple;-;-;python-lesson-lists-slice;-;-;python-lesson-lists;-;-;python-lesson-dict-simple;-;-;python-lesson-dict-methods;-;-;python-lesson-dict-loops;-;-;python-lesson-tuples;-;-;python-lesson-sets-simple;-;-;python-lesson-sets-methods;-;-;python-lesson-collections-unique-letter;-;-;python-lesson-string-methods;-;-;python-lesson-collections-operation1;-;-;python-lesson-collections-operation2;-;-;python-lesson-collections-operation3;-;-
851128658;Serhii Serhii;380954890259;;python-lesson-lists-creation;-;-;python-lesson-lists-simple;-;-;python-lesson-lists-slice;-;-;python-lesson-lists;-;-;python-lesson-dict-simple;-;-;python-lesson-dict-methods;-;-;python-lesson-dict-loops;-;-;python-lesson-tuples;-;-;python-lesson-sets-simple;-;-;python-lesson-sets-methods;-;-;python-lesson-collections-unique-letter;-;-;python-lesson-string-methods;-;-;python-lesson-collections-operation1;-;-;python-lesson-collections-operation2;-;-;python-lesson-collections-operation3;-;-
1107919591;Solnce));380983994331;;python-lesson-lists-creation;-;-;python-lesson-lists-simple;-;-;python-lesson-lists-slice;-;-;python-lesson-lists;-;-;python-lesson-dict-simple;-;-;python-lesson-dict-methods;-;-;python-lesson-dict-loops;-;-;python-lesson-tuples;-;-;python-lesson-sets-simple;-;-;python-lesson-sets-methods;-;-;python-lesson-collections-unique-letter;-;-;python-lesson-string-methods;-;-;python-lesson-collections-operation1;-;-;python-lesson-collections-operation2;-;-;python-lesson-collections-operation3;-;-
415696351;Anna;380672386945;;python-lesson-lists-creation;-;-;python-lesson-lists-simple;-;-;python-lesson-lists-slice;-;-;python-lesson-lists;-;-;python-lesson-dict-simple;-;-;python-lesson-dict-methods;-;-;python-lesson-dict-loops;-;-;python-lesson-tuples;-;-;python-lesson-sets-simple;-;-;python-lesson-sets-methods;-;-;python-lesson-collections-unique-letter;-;-;python-lesson-string-methods;-;-;python-lesson-collections-operation1;-;-;python-lesson-collections-operation2;-;-;python-lesson-collections-operation3;-;-
617326524;Яна Волощук;380976343097;;python-lesson-lists-creation;-;-;python-lesson-lists-simple;-;-;python-lesson-lists-slice;-;-;python-lesson-lists;-;-;python-lesson-dict-simple;-;-;python-lesson-dict-methods;-;-;python-lesson-dict-loops;-;-;python-lesson-tuples;-;-;python-lesson-sets-simple;-;-;python-lesson-sets-methods;-;-;python-lesson-collections-unique-letter;-;-;python-lesson-string-methods;-;-;python-lesson-collections-operation1;-;-;python-lesson-collections-operation2;-;-;python-lesson-collections-operation3;-;-
788259575;Ольга;380994803708;;python-lesson-lists-creation;-;-;python-lesson-lists-simple;-;-;python-lesson-lists-slice;-;-;python-lesson-lists;-;-;python-lesson-dict-simple;-;-;python-lesson-dict-methods;-;-;python-lesson-dict-loops;-;-;python-lesson-tuples;-;-;python-lesson-sets-simple;-;-;python-lesson-sets-methods;-;-;python-lesson-collections-unique-letter;-;-;python-lesson-string-methods;-;-;python-lesson-collections-operation1;-;-;python-lesson-collections-operation2;-;-;python-lesson-collections-operation3;-;-
713953163;Котвицька Тетяна;380677806320;;python-lesson-lists-creation;-;-;python-lesson-lists-simple;-;-;python-lesson-lists-slice;-;-;python-lesson-lists;-;-;python-lesson-dict-simple;-;-;python-lesson-dict-methods;-;-;python-lesson-dict-loops;-;-;python-lesson-tuples;-;-;python-lesson-sets-simple;-;-;python-lesson-sets-methods;-;-;python-lesson-collections-unique-letter;-;-;python-lesson-string-methods;-;-;python-lesson-collections-operation1;-;-;python-lesson-collections-operation2;-;-;python-lesson-collections-operation3;-;-
1205093721;Наталия Штых;380679280592;;python-lesson-lists-creation;-;-;python-lesson-lists-simple;-;-;python-lesson-lists-slice;-;-;python-lesson-lists;-;-;python-lesson-dict-simple;-;-;python-lesson-dict-methods;-;-;python-lesson-dict-loops;-;-;python-lesson-tuples;-;-;python-lesson-sets-simple;-;-;python-lesson-sets-methods;-;-;python-lesson-collections-unique-letter;-;-;python-lesson-string-methods;-;-;python-lesson-collections-operation1;-;-;python-lesson-collections-operation2;-;-;python-lesson-collections-operation3;-;-
813940424;Оксана;380989395313;;python-lesson-lists-creation;-;-;python-lesson-lists-simple;-;-;python-lesson-lists-slice;-;-;python-lesson-lists;-;-;python-lesson-dict-simple;-;-;python-lesson-dict-methods;-;-;python-lesson-dict-loops;-;-;python-lesson-tuples;-;-;python-lesson-sets-simple;-;-;python-lesson-sets-methods;-;-;python-lesson-collections-unique-letter;-;-;python-lesson-string-methods;-;-;python-lesson-collections-operation1;-;-;python-lesson-collections-operation2;-;-;python-lesson-collections-operation3;-;-
713864907;Евгения;380937380403;;python-lesson-lists-creation;-;-;python-lesson-lists-simple;-;-;python-lesson-lists-slice;-;-;python-lesson-lists;-;-;python-lesson-dict-simple;-;-;python-lesson-dict-methods;-;-;python-lesson-dict-loops;-;-;python-lesson-tuples;-;-;python-lesson-sets-simple;-;-;python-lesson-sets-methods;-;-;python-lesson-collections-unique-letter;-;-;python-lesson-string-methods;-;-;python-lesson-collections-operation1;-;-;python-lesson-collections-operation2;-;-;python-lesson-collections-operation3;-;-
1291225898;Романюк Виктория;380674281307;;python-lesson-lists-creation;-;-;python-lesson-lists-simple;-;-;python-lesson-lists-slice;-;-;python-lesson-lists;-;-;python-lesson-dict-simple;-;-;python-lesson-dict-methods;-;-;python-lesson-dict-loops;-;-;python-lesson-tuples;-;-;python-lesson-sets-simple;-;-;python-lesson-sets-methods;-;-;python-lesson-collections-unique-letter;-;-;python-lesson-string-methods;-;-;python-lesson-collections-operation1;-;-;python-lesson-collections-operation2;-;-;python-lesson-collections-operation3;-;-
1287272869;Любомь Комартчук;375297947963;;python-lesson-lists-creation;-;-;python-lesson-lists-simple;-;-;python-lesson-lists-slice;-;-;python-lesson-lists;-;-;python-lesson-dict-simple;-;-;python-lesson-dict-methods;-;-;python-lesson-dict-loops;-;-;python-lesson-tuples;-;-;python-lesson-sets-simple;-;-;python-lesson-sets-methods;-;-;python-lesson-collections-unique-letter;-;-;python-lesson-string-methods;-;-;python-lesson-collections-operation1;-;-;python-lesson-collections-operation2;-;-;python-lesson-collections-operation3;-;-
1443396961;Валентина Драпалюк;380958639955;;python-lesson-lists-creation;-;-;python-lesson-lists-simple;-;-;python-lesson-lists-slice;-;-;python-lesson-lists;-;-;python-lesson-dict-simple;-;-;python-lesson-dict-methods;-;-;python-lesson-dict-loops;-;-;python-lesson-tuples;-;-;python-lesson-sets-simple;-;-;python-lesson-sets-methods;-;-;python-lesson-collections-unique-letter;-;-;python-lesson-string-methods;-;-;python-lesson-collections-operation1;-;-;python-lesson-collections-operation2;-;-;python-lesson-collections-operation3;-;-
743810251;Uliana @uliana_faceart.pm;380973621646;uliana_faceartpm;python-lesson-lists-creation;-;-;python-lesson-lists-simple;-;-;python-lesson-lists-slice;-;-;python-lesson-lists;-;-;python-lesson-dict-simple;-;-;python-lesson-dict-methods;-;-;python-lesson-dict-loops;-;-;python-lesson-tuples;-;-;python-lesson-sets-simple;-;-;python-lesson-sets-methods;-;-;python-lesson-collections-unique-letter;-;-;python-lesson-string-methods;-;-;python-lesson-collections-operation1;-;-;python-lesson-collections-operation2;-;-;python-lesson-collections-operation3;-;-
1384077190;Юлия;380508186417;;python-lesson-lists-creation;-;-;python-lesson-lists-simple;-;-;python-lesson-lists-slice;-;-;python-lesson-lists;-;-;python-lesson-dict-simple;-;-;python-lesson-dict-methods;-;-;python-lesson-dict-loops;-;-;python-lesson-tuples;-;-;python-lesson-sets-simple;-;-;python-lesson-sets-methods;-;-;python-lesson-collections-unique-letter;-;-;python-lesson-string-methods;-;-;python-lesson-collections-operation1;-;-;python-lesson-collections-operation2;-;-;python-lesson-collections-operation3;-;-
819257160;Юлия;380662015770;;python-lesson-lists-creation;-;-;python-lesson-lists-simple;-;-;python-lesson-lists-slice;-;-;python-lesson-lists;-;-;python-lesson-dict-simple;-;-;python-lesson-dict-methods;-;-;python-lesson-dict-loops;-;-;python-lesson-tuples;-;-;python-lesson-sets-simple;-;-;python-lesson-sets-methods;-;-;python-lesson-collections-unique-letter;-;-;python-lesson-string-methods;-;-;python-lesson-collections-operation1;-;-;python-lesson-collections-operation2;-;-;python-lesson-collections-operation3;-;-
1463179516;Поиск https://www.facebook.com/129235820427736/posts/3471192719641599/;380978011837;;python-lesson-lists-creation;-;-;python-lesson-lists-simple;-;-;python-lesson-lists-slice;-;-;python-lesson-lists;-;-;python-lesson-dict-simple;-;-;python-lesson-dict-methods;-;-;python-lesson-dict-loops;-;-;python-lesson-tuples;-;-;python-lesson-sets-simple;-;-;python-lesson-sets-methods;-;-;python-lesson-collections-unique-letter;-;-;python-lesson-string-methods;-;-;python-lesson-collections-operation1;-;-;python-lesson-collections-operation2;-;-;python-lesson-collections-operation3;-;-
912321473;Elena;380932063997;;python-lesson-lists-creation;-;-;python-lesson-lists-simple;-;-;python-lesson-lists-slice;-;-;python-lesson-lists;-;-;python-lesson-dict-simple;-;-;python-lesson-dict-methods;-;-;python-lesson-dict-loops;-;-;python-lesson-tuples;-;-;python-lesson-sets-simple;-;-;python-lesson-sets-methods;-;-;python-lesson-collections-unique-letter;-;-;python-lesson-string-methods;-;-;python-lesson-collections-operation1;-;-;python-lesson-collections-operation2;-;-;python-lesson-collections-operation3;-;-
1325060050;Татьяна Титова;380671606058;;python-lesson-lists-creation;-;-;python-lesson-lists-simple;-;-;python-lesson-lists-slice;-;-;python-lesson-lists;-;-;python-lesson-dict-simple;-;-;python-lesson-dict-methods;-;-;python-lesson-dict-loops;-;-;python-lesson-tuples;-;-;python-lesson-sets-simple;-;-;python-lesson-sets-methods;-;-;python-lesson-collections-unique-letter;-;-;python-lesson-string-methods;-;-;python-lesson-collections-operation1;-;-;python-lesson-collections-operation2;-;-;python-lesson-collections-operation3;-;-
498553684;Анастасия Янович;380636340015;;python-lesson-lists-creation;-;-;python-lesson-lists-simple;-;-;python-lesson-lists-slice;-;-;python-lesson-lists;-;-;python-lesson-dict-simple;-;-;python-lesson-dict-methods;-;-;python-lesson-dict-loops;-;-;python-lesson-tuples;-;-;python-lesson-sets-simple;-;-;python-lesson-sets-methods;-;-;python-lesson-collections-unique-letter;-;-;python-lesson-string-methods;-;-;python-lesson-collections-operation1;-;-;python-lesson-collections-operation2;-;-;python-lesson-collections-operation3;-;-
1307032393;Юлия Бинчева;380676140194;;python-lesson-lists-creation;-;-;python-lesson-lists-simple;-;-;python-lesson-lists-slice;-;-;python-lesson-lists;-;-;python-lesson-dict-simple;-;-;python-lesson-dict-methods;-;-;python-lesson-dict-loops;-;-;python-lesson-tuples;-;-;python-lesson-sets-simple;-;-;python-lesson-sets-methods;-;-;python-lesson-collections-unique-letter;-;-;python-lesson-string-methods;-;-;python-lesson-collections-operation1;-;-;python-lesson-collections-operation2;-;-;python-lesson-collections-operation3;-;-
661782226;Людмила Мириченко АЗС 02/2, 02/3;380963520447;;python-lesson-lists-creation;-;-;python-lesson-lists-simple;-;-;python-lesson-lists-slice;-;-;python-lesson-lists;-;-;python-lesson-dict-simple;-;-;python-lesson-dict-methods;-;-;python-lesson-dict-loops;-;-;python-lesson-tuples;-;-;python-lesson-sets-simple;-;-;python-lesson-sets-methods;-;-;python-lesson-collections-unique-letter;-;-;python-lesson-string-methods;-;-;python-lesson-collections-operation1;-;-;python-lesson-collections-operation2;-;-;python-lesson-collections-operation3;-;-
619302595;Ирина Новик;380964867004;;python-lesson-lists-creation;-;-;python-lesson-lists-simple;-;-;python-lesson-lists-slice;-;-;python-lesson-lists;-;-;python-lesson-dict-simple;-;-;python-lesson-dict-methods;-;-;python-lesson-dict-loops;-;-;python-lesson-tuples;-;-;python-lesson-sets-simple;-;-;python-lesson-sets-methods;-;-;python-lesson-collections-unique-letter;-;-;python-lesson-string-methods;-;-;python-lesson-collections-operation1;-;-;python-lesson-collections-operation2;-;-;python-lesson-collections-operation3;-;-
753149743;Юля;380931232971;AleksandrovnaY;python-lesson-lists-creation;-;-;python-lesson-lists-simple;-;-;python-lesson-lists-slice;-;-;python-lesson-lists;-;-;python-lesson-dict-simple;-;-;python-lesson-dict-methods;-;-;python-lesson-dict-loops;-;-;python-lesson-tuples;-;-;python-lesson-sets-simple;-;-;python-lesson-sets-methods;-;-;python-lesson-collections-unique-letter;-;-;python-lesson-string-methods;-;-;python-lesson-collections-operation1;-;-;python-lesson-collections-operation2;-;-;python-lesson-collections-operation3;-;-
494262506;Анатолий;380505558974;;python-lesson-lists-creation;-;-;python-lesson-lists-simple;-;-;python-lesson-lists-slice;-;-;python-lesson-lists;-;-;python-lesson-dict-simple;-;-;python-lesson-dict-methods;-;-;python-lesson-dict-loops;-;-;python-lesson-tuples;-;-;python-lesson-sets-simple;-;-;python-lesson-sets-methods;-;-;python-lesson-collections-unique-letter;-;-;python-lesson-string-methods;-;-;python-lesson-collections-operation1;-;-;python-lesson-collections-operation2;-;-;python-lesson-collections-operation3;-;-
610763179;Наталья;380972489341;;python-lesson-lists-creation;-;-;python-lesson-lists-simple;-;-;python-lesson-lists-slice;-;-;python-lesson-lists;-;-;python-lesson-dict-simple;-;-;python-lesson-dict-methods;-;-;python-lesson-dict-loops;-;-;python-lesson-tuples;-;-;python-lesson-sets-simple;-;-;python-lesson-sets-methods;-;-;python-lesson-collections-unique-letter;-;-;python-lesson-string-methods;-;-;python-lesson-collections-operation1;-;-;python-lesson-collections-operation2;-;-;python-lesson-collections-operation3;-;-
537641306;Ольга Судева;380982156207;;python-lesson-lists-creation;-;-;python-lesson-lists-simple;-;-;python-lesson-lists-slice;-;-;python-lesson-lists;-;-;python-lesson-dict-simple;-;-;python-lesson-dict-methods;-;-;python-lesson-dict-loops;-;-;python-lesson-tuples;-;-;python-lesson-sets-simple;-;-;python-lesson-sets-methods;-;-;python-lesson-collections-unique-letter;-;-;python-lesson-string-methods;-;-;python-lesson-collections-operation1;-;-;python-lesson-collections-operation2;-;-;python-lesson-collections-operation3;-;-
633970612;Ирэн;380675811646;;python-lesson-lists-creation;-;-;python-lesson-lists-simple;-;-;python-lesson-lists-slice;-;-;python-lesson-lists;-;-;python-lesson-dict-simple;-;-;python-lesson-dict-methods;-;-;python-lesson-dict-loops;-;-;python-lesson-tuples;-;-;python-lesson-sets-simple;-;-;python-lesson-sets-methods;-;-;python-lesson-collections-unique-letter;-;-;python-lesson-string-methods;-;-;python-lesson-collections-operation1;-;-;python-lesson-collections-operation2;-;-;python-lesson-collections-operation3;-;-
1331564029;Ли;80971674706;;python-lesson-lists-creation;-;-;python-lesson-lists-simple;-;-;python-lesson-lists-slice;-;-;python-lesson-lists;-;-;python-lesson-dict-simple;-;-;python-lesson-dict-methods;-;-;python-lesson-dict-loops;-;-;python-lesson-tuples;-;-;python-lesson-sets-simple;-;-;python-lesson-sets-methods;-;-;python-lesson-collections-unique-letter;-;-;python-lesson-string-methods;-;-;python-lesson-collections-operation1;-;-;python-lesson-collections-operation2;-;-;python-lesson-collections-operation3;-;-
404688594;Elena Kharaim;380962362348;;python-lesson-lists-creation;-;-;python-lesson-lists-simple;-;-;python-lesson-lists-slice;-;-;python-lesson-lists;-;-;python-lesson-dict-simple;-;-;python-lesson-dict-methods;-;-;python-lesson-dict-loops;-;-;python-lesson-tuples;-;-;python-lesson-sets-simple;-;-;python-lesson-sets-methods;-;-;python-lesson-collections-unique-letter;-;-;python-lesson-string-methods;-;-;python-lesson-collections-operation1;-;-;python-lesson-collections-operation2;-;-;python-lesson-collections-operation3;-;-
1087585246;Илона;380968698444;;python-lesson-lists-creation;-;-;python-lesson-lists-simple;-;-;python-lesson-lists-slice;-;-;python-lesson-lists;-;-;python-lesson-dict-simple;-;-;python-lesson-dict-methods;-;-;python-lesson-dict-loops;-;-;python-lesson-tuples;-;-;python-lesson-sets-simple;-;-;python-lesson-sets-methods;-;-;python-lesson-collections-unique-letter;-;-;python-lesson-string-methods;-;-;python-lesson-collections-operation1;-;-;python-lesson-collections-operation2;-;-;python-lesson-collections-operation3;-;-
1140449838;мясник;380960625332;;python-lesson-lists-creation;-;-;python-lesson-lists-simple;-;-;python-lesson-lists-slice;-;-;python-lesson-lists;-;-;python-lesson-dict-simple;-;-;python-lesson-dict-methods;-;-;python-lesson-dict-loops;-;-;python-lesson-tuples;-;-;python-lesson-sets-simple;-;-;python-lesson-sets-methods;-;-;python-lesson-collections-unique-letter;-;-;python-lesson-string-methods;-;-;python-lesson-collections-operation1;-;-;python-lesson-collections-operation2;-;-;python-lesson-collections-operation3;-;-
416876223;Валя Васильевна;380994091440;Valentinka4649;python-lesson-lists-creation;-;-;python-lesson-lists-simple;-;-;python-lesson-lists-slice;-;-;python-lesson-lists;-;-;python-lesson-dict-simple;-;-;python-lesson-dict-methods;-;-;python-lesson-dict-loops;-;-;python-lesson-tuples;-;-;python-lesson-sets-simple;-;-;python-lesson-sets-methods;-;-;python-lesson-collections-unique-letter;-;-;python-lesson-string-methods;-;-;python-lesson-collections-operation1;-;-;python-lesson-collections-operation2;-;-;python-lesson-collections-operation3;-;-
328838848;AnnetKa;380987473109;;python-lesson-lists-creation;-;-;python-lesson-lists-simple;-;-;python-lesson-lists-slice;-;-;python-lesson-lists;-;-;python-lesson-dict-simple;-;-;python-lesson-dict-methods;-;-;python-lesson-dict-loops;-;-;python-lesson-tuples;-;-;python-lesson-sets-simple;-;-;python-lesson-sets-methods;-;-;python-lesson-collections-unique-letter;-;-;python-lesson-string-methods;-;-;python-lesson-collections-operation1;-;-;python-lesson-collections-operation2;-;-;python-lesson-collections-operation3;-;-
901604614;Саша Саша;380950279061;;python-lesson-lists-creation;-;-;python-lesson-lists-simple;-;-;python-lesson-lists-slice;-;-;python-lesson-lists;-;-;python-lesson-dict-simple;-;-;python-lesson-dict-methods;-;-;python-lesson-dict-loops;-;-;python-lesson-tuples;-;-;python-lesson-sets-simple;-;-;python-lesson-sets-methods;-;-;python-lesson-collections-unique-letter;-;-;python-lesson-string-methods;-;-;python-lesson-collections-operation1;-;-;python-lesson-collections-operation2;-;-;python-lesson-collections-operation3;-;-
461549315;Maleficent;380931849729;Maleficent03;python-lesson-lists-creation;-;-;python-lesson-lists-simple;-;-;python-lesson-lists-slice;-;-;python-lesson-lists;-;-;python-lesson-dict-simple;-;-;python-lesson-dict-methods;-;-;python-lesson-dict-loops;-;-;python-lesson-tuples;-;-;python-lesson-sets-simple;-;-;python-lesson-sets-methods;-;-;python-lesson-collections-unique-letter;-;-;python-lesson-string-methods;-;-;python-lesson-collections-operation1;-;-;python-lesson-collections-operation2;-;-;python-lesson-collections-operation3;-;-
915532574;Билык Валентина;380662641290;VB79_41;python-lesson-lists-creation;-;-;python-lesson-lists-simple;-;-;python-lesson-lists-slice;-;-;python-lesson-lists;-;-;python-lesson-dict-simple;-;-;python-lesson-dict-methods;-;-;python-lesson-dict-loops;-;-;python-lesson-tuples;-;-;python-lesson-sets-simple;-;-;python-lesson-sets-methods;-;-;python-lesson-collections-unique-letter;-;-;python-lesson-string-methods;-;-;python-lesson-collections-operation1;-;-;python-lesson-collections-operation2;-;-;python-lesson-collections-operation3;-;-
821394221;Марина;380674959424;;python-lesson-lists-creation;-;-;python-lesson-lists-simple;-;-;python-lesson-lists-slice;-;-;python-lesson-lists;-;-;python-lesson-dict-simple;-;-;python-lesson-dict-methods;-;-;python-lesson-dict-loops;-;-;python-lesson-tuples;-;-;python-lesson-sets-simple;-;-;python-lesson-sets-methods;-;-;python-lesson-collections-unique-letter;-;-;python-lesson-string-methods;-;-;python-lesson-collections-operation1;-;-;python-lesson-collections-operation2;-;-;python-lesson-collections-operation3;-;-
767892192;Ольга;380667282853;;python-lesson-lists-creation;-;-;python-lesson-lists-simple;-;-;python-lesson-lists-slice;-;-;python-lesson-lists;-;-;python-lesson-dict-simple;-;-;python-lesson-dict-methods;-;-;python-lesson-dict-loops;-;-;python-lesson-tuples;-;-;python-lesson-sets-simple;-;-;python-lesson-sets-methods;-;-;python-lesson-collections-unique-letter;-;-;python-lesson-string-methods;-;-;python-lesson-collections-operation1;-;-;python-lesson-collections-operation2;-;-;python-lesson-collections-operation3;-;-
1081389389;Ganna Ganka;380989107032;Gankadvorzetskaya;python-lesson-lists-creation;-;-;python-lesson-lists-simple;-;-;python-lesson-lists-slice;-;-;python-lesson-lists;-;-;python-lesson-dict-simple;-;-;python-lesson-dict-methods;-;-;python-lesson-dict-loops;-;-;python-lesson-tuples;-;-;python-lesson-sets-simple;-;-;python-lesson-sets-methods;-;-;python-lesson-collections-unique-letter;-;-;python-lesson-string-methods;-;-;python-lesson-collections-operation1;-;-;python-lesson-collections-operation2;-;-;python-lesson-collections-operation3;-;-
348337712;Alenka;380637436333;;python-lesson-lists-creation;-;-;python-lesson-lists-simple;-;-;python-lesson-lists-slice;-;-;python-lesson-lists;-;-;python-lesson-dict-simple;-;-;python-lesson-dict-methods;-;-;python-lesson-dict-loops;-;-;python-lesson-tuples;-;-;python-lesson-sets-simple;-;-;python-lesson-sets-methods;-;-;python-lesson-collections-unique-letter;-;-;python-lesson-string-methods;-;-;python-lesson-collections-operation1;-;-;python-lesson-collections-operation2;-;-;python-lesson-collections-operation3;-;-
1271309354;Вікторія Балковенко;380987837893;;python-lesson-lists-creation;-;-;python-lesson-lists-simple;-;-;python-lesson-lists-slice;-;-;python-lesson-lists;-;-;python-lesson-dict-simple;-;-;python-lesson-dict-methods;-;-;python-lesson-dict-loops;-;-;python-lesson-tuples;-;-;python-lesson-sets-simple;-;-;python-lesson-sets-methods;-;-;python-lesson-collections-unique-letter;-;-;python-lesson-string-methods;-;-;python-lesson-collections-operation1;-;-;python-lesson-collections-operation2;-;-;python-lesson-collections-operation3;-;-
993042547;Irina rydenjka;380979070194;;python-lesson-lists-creation;-;-;python-lesson-lists-simple;-;-;python-lesson-lists-slice;-;-;python-lesson-lists;-;-;python-lesson-dict-simple;-;-;python-lesson-dict-methods;-;-;python-lesson-dict-loops;-;-;python-lesson-tuples;-;-;python-lesson-sets-simple;-;-;python-lesson-sets-methods;-;-;python-lesson-collections-unique-letter;-;-;python-lesson-string-methods;-;-;python-lesson-collections-operation1;-;-;python-lesson-collections-operation2;-;-;python-lesson-collections-operation3;-;-
278023418;Li;380679565416;lli_illii;python-lesson-lists-creation;-;-;python-lesson-lists-simple;-;-;python-lesson-lists-slice;-;-;python-lesson-lists;-;-;python-lesson-dict-simple;-;-;python-lesson-dict-methods;-;-;python-lesson-dict-loops;-;-;python-lesson-tuples;-;-;python-lesson-sets-simple;-;-;python-lesson-sets-methods;-;-;python-lesson-collections-unique-letter;-;-;python-lesson-string-methods;-;-;python-lesson-collections-operation1;-;-;python-lesson-collections-operation2;-;-;python-lesson-collections-operation3;-;-
535369126;Natalia Sytar;380988980363;;python-lesson-lists-creation;-;-;python-lesson-lists-simple;-;-;python-lesson-lists-slice;-;-;python-lesson-lists;-;-;python-lesson-dict-simple;-;-;python-lesson-dict-methods;-;-;python-lesson-dict-loops;-;-;python-lesson-tuples;-;-;python-lesson-sets-simple;-;-;python-lesson-sets-methods;-;-;python-lesson-collections-unique-letter;-;-;python-lesson-string-methods;-;-;python-lesson-collections-operation1;-;-;python-lesson-collections-operation2;-;-;python-lesson-collections-operation3;-;-
1013117976;Елена;380502149993;;python-lesson-lists-creation;-;-;python-lesson-lists-simple;-;-;python-lesson-lists-slice;-;-;python-lesson-lists;-;-;python-lesson-dict-simple;-;-;python-lesson-dict-methods;-;-;python-lesson-dict-loops;-;-;python-lesson-tuples;-;-;python-lesson-sets-simple;-;-;python-lesson-sets-methods;-;-;python-lesson-collections-unique-letter;-;-;python-lesson-string-methods;-;-;python-lesson-collections-operation1;-;-;python-lesson-collections-operation2;-;-;python-lesson-collections-operation3;-;-
538751562;Яна Яна;380932621530;;python-lesson-lists-creation;-;-;python-lesson-lists-simple;-;-;python-lesson-lists-slice;-;-;python-lesson-lists;-;-;python-lesson-dict-simple;-;-;python-lesson-dict-methods;-;-;python-lesson-dict-loops;-;-;python-lesson-tuples;-;-;python-lesson-sets-simple;-;-;python-lesson-sets-methods;-;-;python-lesson-collections-unique-letter;-;-;python-lesson-string-methods;-;-;python-lesson-collections-operation1;-;-;python-lesson-collections-operation2;-;-;python-lesson-collections-operation3;-;-
1230099059;Караваева Марина;380970156516;;python-lesson-lists-creation;-;-;python-lesson-lists-simple;-;-;python-lesson-lists-slice;-;-;python-lesson-lists;-;-;python-lesson-dict-simple;-;-;python-lesson-dict-methods;-;-;python-lesson-dict-loops;-;-;python-lesson-tuples;-;-;python-lesson-sets-simple;-;-;python-lesson-sets-methods;-;-;python-lesson-collections-unique-letter;-;-;python-lesson-string-methods;-;-;python-lesson-collections-operation1;-;-;python-lesson-collections-operation2;-;-;python-lesson-collections-operation3;-;-
1339801497;Пал Саныч;380661148085;;python-lesson-lists-creation;-;-;python-lesson-lists-simple;-;-;python-lesson-lists-slice;-;-;python-lesson-lists;-;-;python-lesson-dict-simple;-;-;python-lesson-dict-methods;-;-;python-lesson-dict-loops;-;-;python-lesson-tuples;-;-;python-lesson-sets-simple;-;-;python-lesson-sets-methods;-;-;python-lesson-collections-unique-letter;-;-;python-lesson-string-methods;-;-;python-lesson-collections-operation1;-;-;python-lesson-collections-operation2;-;-;python-lesson-collections-operation3;-;-
753164660;Елена Завора;380505938796;;python-lesson-lists-creation;-;-;python-lesson-lists-simple;-;-;python-lesson-lists-slice;-;-;python-lesson-lists;-;-;python-lesson-dict-simple;-;-;python-lesson-dict-methods;-;-;python-lesson-dict-loops;-;-;python-lesson-tuples;-;-;python-lesson-sets-simple;-;-;python-lesson-sets-methods;-;-;python-lesson-collections-unique-letter;-;-;python-lesson-string-methods;-;-;python-lesson-collections-operation1;-;-;python-lesson-collections-operation2;-;-;python-lesson-collections-operation3;-;-
268381444;Vadim Bondarenko;380674848879;Kilnex;python-lesson-lists-creation;-;-;python-lesson-lists-simple;-;-;python-lesson-lists-slice;-;-;python-lesson-lists;-;-;python-lesson-dict-simple;-;-;python-lesson-dict-methods;-;-;python-lesson-dict-loops;-;-;python-lesson-tuples;-;-;python-lesson-sets-simple;-;-;python-lesson-sets-methods;-;-;python-lesson-collections-unique-letter;-;-;python-lesson-string-methods;-;-;python-lesson-collections-operation1;-;-;python-lesson-collections-operation2;-;-;python-lesson-collections-operation3;-;-
980653585;Юлия Вакуленко;380672990499;JuliaVakylenko;python-lesson-lists-creation;-;-;python-lesson-lists-simple;-;-;python-lesson-lists-slice;-;-;python-lesson-lists;-;-;python-lesson-dict-simple;-;-;python-lesson-dict-methods;-;-;python-lesson-dict-loops;-;-;python-lesson-tuples;-;-;python-lesson-sets-simple;-;-;python-lesson-sets-methods;-;-;python-lesson-collections-unique-letter;-;-;python-lesson-string-methods;-;-;python-lesson-collections-operation1;-;-;python-lesson-collections-operation2;-;-;python-lesson-collections-operation3;-;-
730771003;Marina;380987654321;Mapyccuk;python-lesson-lists-creation;-;-;python-lesson-lists-simple;-;-;python-lesson-lists-slice;-;-;python-lesson-lists;-;-;python-lesson-dict-simple;-;-;python-lesson-dict-methods;-;-;python-lesson-dict-loops;-;-;python-lesson-tuples;-;-;python-lesson-sets-simple;-;-;python-lesson-sets-methods;-;-;python-lesson-collections-unique-letter;-;-;python-lesson-string-methods;-;-;python-lesson-collections-operation1;-;-;python-lesson-collections-operation2;-;-;python-lesson-collections-operation3;-;-
364414271;Анна Ткаченко;380972453857;;python-lesson-lists-creation;-;-;python-lesson-lists-simple;-;-;python-lesson-lists-slice;-;-;python-lesson-lists;-;-;python-lesson-dict-simple;-;-;python-lesson-dict-methods;-;-;python-lesson-dict-loops;-;-;python-lesson-tuples;-;-;python-lesson-sets-simple;-;-;python-lesson-sets-methods;-;-;python-lesson-collections-unique-letter;-;-;python-lesson-string-methods;-;-;python-lesson-collections-operation1;-;-;python-lesson-collections-operation2;-;-;python-lesson-collections-operation3;-;-
543479924;DeLucy;380953032788;;python-lesson-lists-creation;-;-;python-lesson-lists-simple;-;-;python-lesson-lists-slice;-;-;python-lesson-lists;-;-;python-lesson-dict-simple;-;-;python-lesson-dict-methods;-;-;python-lesson-dict-loops;-;-;python-lesson-tuples;-;-;python-lesson-sets-simple;-;-;python-lesson-sets-methods;-;-;python-lesson-collections-unique-letter;-;-;python-lesson-string-methods;-;-;python-lesson-collections-operation1;-;-;python-lesson-collections-operation2;-;-;python-lesson-collections-operation3;-;-
774081073;Виктория;380963404518;;python-lesson-lists-creation;-;-;python-lesson-lists-simple;-;-;python-lesson-lists-slice;-;-;python-lesson-lists;-;-;python-lesson-dict-simple;-;-;python-lesson-dict-methods;-;-;python-lesson-dict-loops;-;-;python-lesson-tuples;-;-;python-lesson-sets-simple;-;-;python-lesson-sets-methods;-;-;python-lesson-collections-unique-letter;-;-;python-lesson-string-methods;-;-;python-lesson-collections-operation1;-;-;python-lesson-collections-operation2;-;-;python-lesson-collections-operation3;-;-
1387172910;Карина Головач;380969677656;;python-lesson-lists-creation;-;-;python-lesson-lists-simple;-;-;python-lesson-lists-slice;-;-;python-lesson-lists;-;-;python-lesson-dict-simple;-;-;python-lesson-dict-methods;-;-;python-lesson-dict-loops;-;-;python-lesson-tuples;-;-;python-lesson-sets-simple;-;-;python-lesson-sets-methods;-;-;python-lesson-collections-unique-letter;-;-;python-lesson-string-methods;-;-;python-lesson-collections-operation1;-;-;python-lesson-collections-operation2;-;-;python-lesson-collections-operation3;-;-
1004486586;Денис Денис;380501062064;;python-lesson-lists-creation;-;-;python-lesson-lists-simple;-;-;python-lesson-lists-slice;-;-;python-lesson-lists;-;-;python-lesson-dict-simple;-;-;python-lesson-dict-methods;-;-;python-lesson-dict-loops;-;-;python-lesson-tuples;-;-;python-lesson-sets-simple;-;-;python-lesson-sets-methods;-;-;python-lesson-collections-unique-letter;-;-;python-lesson-string-methods;-;-;python-lesson-collections-operation1;-;-;python-lesson-collections-operation2;-;-;python-lesson-collections-operation3;-;-
1055497781;Оксана Котко;380688907849;;python-lesson-lists-creation;-;-;python-lesson-lists-simple;-;-;python-lesson-lists-slice;-;-;python-lesson-lists;-;-;python-lesson-dict-simple;-;-;python-lesson-dict-methods;-;-;python-lesson-dict-loops;-;-;python-lesson-tuples;-;-;python-lesson-sets-simple;-;-;python-lesson-sets-methods;-;-;python-lesson-collections-unique-letter;-;-;python-lesson-string-methods;-;-;python-lesson-collections-operation1;-;-;python-lesson-collections-operation2;-;-;python-lesson-collections-operation3;-;-
668985162;Жанна Авраменко;380972857067;;python-lesson-lists-creation;-;-;python-lesson-lists-simple;-;-;python-lesson-lists-slice;-;-;python-lesson-lists;-;-;python-lesson-dict-simple;-;-;python-lesson-dict-methods;-;-;python-lesson-dict-loops;-;-;python-lesson-tuples;-;-;python-lesson-sets-simple;-;-;python-lesson-sets-methods;-;-;python-lesson-collections-unique-letter;-;-;python-lesson-string-methods;-;-;python-lesson-collections-operation1;-;-;python-lesson-collections-operation2;-;-;python-lesson-collections-operation3;-;-
692985833;Марина Звягина;380953599119;;python-lesson-lists-creation;-;-;python-lesson-lists-simple;-;-;python-lesson-lists-slice;-;-;python-lesson-lists;-;-;python-lesson-dict-simple;-;-;python-lesson-dict-methods;-;-;python-lesson-dict-loops;-;-;python-lesson-tuples;-;-;python-lesson-sets-simple;-;-;python-lesson-sets-methods;-;-;python-lesson-collections-unique-letter;-;-;python-lesson-string-methods;-;-;python-lesson-collections-operation1;-;-;python-lesson-collections-operation2;-;-;python-lesson-collections-operation3;-;-
799891850;Tonya?diamond;380935407333;;python-lesson-lists-creation;-;-;python-lesson-lists-simple;-;-;python-lesson-lists-slice;-;-;python-lesson-lists;-;-;python-lesson-dict-simple;-;-;python-lesson-dict-methods;-;-;python-lesson-dict-loops;-;-;python-lesson-tuples;-;-;python-lesson-sets-simple;-;-;python-lesson-sets-methods;-;-;python-lesson-collections-unique-letter;-;-;python-lesson-string-methods;-;-;python-lesson-collections-operation1;-;-;python-lesson-collections-operation2;-;-;python-lesson-collections-operation3;-;-
287810405;GttN;380967346170;Go_to_the_Nahui;python-lesson-lists-creation;-;-;python-lesson-lists-simple;-;-;python-lesson-lists-slice;-;-;python-lesson-lists;-;-;python-lesson-dict-simple;-;-;python-lesson-dict-methods;-;-;python-lesson-dict-loops;-;-;python-lesson-tuples;-;-;python-lesson-sets-simple;-;-;python-lesson-sets-methods;-;-;python-lesson-collections-unique-letter;-;-;python-lesson-string-methods;-;-;python-lesson-collections-operation1;-;-;python-lesson-collections-operation2;-;-;python-lesson-collections-operation3;-;-
1387294145;Эдем Нестеренко;380682168040;;python-lesson-lists-creation;-;-;python-lesson-lists-simple;-;-;python-lesson-lists-slice;-;-;python-lesson-lists;-;-;python-lesson-dict-simple;-;-;python-lesson-dict-methods;-;-;python-lesson-dict-loops;-;-;python-lesson-tuples;-;-;python-lesson-sets-simple;-;-;python-lesson-sets-methods;-;-;python-lesson-collections-unique-letter;-;-;python-lesson-string-methods;-;-;python-lesson-collections-operation1;-;-;python-lesson-collections-operation2;-;-;python-lesson-collections-operation3;-;-
649776182;Литвиненко Марина;380679444155;;python-lesson-lists-creation;-;-;python-lesson-lists-simple;-;-;python-lesson-lists-slice;-;-;python-lesson-lists;-;-;python-lesson-dict-simple;-;-;python-lesson-dict-methods;-;-;python-lesson-dict-loops;-;-;python-lesson-tuples;-;-;python-lesson-sets-simple;-;-;python-lesson-sets-methods;-;-;python-lesson-collections-unique-letter;-;-;python-lesson-string-methods;-;-;python-lesson-collections-operation1;-;-;python-lesson-collections-operation2;-;-;python-lesson-collections-operation3;-;-
1022662324;Mykola Baula;380950131295;;python-lesson-lists-creation;-;-;python-lesson-lists-simple;-;-;python-lesson-lists-slice;-;-;python-lesson-lists;-;-;python-lesson-dict-simple;-;-;python-lesson-dict-methods;-;-;python-lesson-dict-loops;-;-;python-lesson-tuples;-;-;python-lesson-sets-simple;-;-;python-lesson-sets-methods;-;-;python-lesson-collections-unique-letter;-;-;python-lesson-string-methods;-;-;python-lesson-collections-operation1;-;-;python-lesson-collections-operation2;-;-;python-lesson-collections-operation3;-;-
805005047;Anna Polunina;380674203333;;python-lesson-lists-creation;-;-;python-lesson-lists-simple;-;-;python-lesson-lists-slice;-;-;python-lesson-lists;-;-;python-lesson-dict-simple;-;-;python-lesson-dict-methods;-;-;python-lesson-dict-loops;-;-;python-lesson-tuples;-;-;python-lesson-sets-simple;-;-;python-lesson-sets-methods;-;-;python-lesson-collections-unique-letter;-;-;python-lesson-string-methods;-;-;python-lesson-collections-operation1;-;-;python-lesson-collections-operation2;-;-;python-lesson-collections-operation3;-;-
860126454;Павел Приходько;380665553835;pavelprihodi;python-lesson-lists-creation;-;-;python-lesson-lists-simple;-;-;python-lesson-lists-slice;-;-;python-lesson-lists;-;-;python-lesson-dict-simple;-;-;python-lesson-dict-methods;-;-;python-lesson-dict-loops;-;-;python-lesson-tuples;-;-;python-lesson-sets-simple;-;-;python-lesson-sets-methods;-;-;python-lesson-collections-unique-letter;-;-;python-lesson-string-methods;-;-;python-lesson-collections-operation1;-;-;python-lesson-collections-operation2;-;-;python-lesson-collections-operation3;-;-
424298640;Наталия Наталия;380936759090;;python-lesson-lists-creation;-;-;python-lesson-lists-simple;-;-;python-lesson-lists-slice;-;-;python-lesson-lists;-;-;python-lesson-dict-simple;-;-;python-lesson-dict-methods;-;-;python-lesson-dict-loops;-;-;python-lesson-tuples;-;-;python-lesson-sets-simple;-;-;python-lesson-sets-methods;-;-;python-lesson-collections-unique-letter;-;-;python-lesson-string-methods;-;-;python-lesson-collections-operation1;-;-;python-lesson-collections-operation2;-;-;python-lesson-collections-operation3;-;-
1308802091;Gubenko Iryna;380982211344;;python-lesson-lists-creation;-;-;python-lesson-lists-simple;-;-;python-lesson-lists-slice;-;-;python-lesson-lists;-;-;python-lesson-dict-simple;-;-;python-lesson-dict-methods;-;-;python-lesson-dict-loops;-;-;python-lesson-tuples;-;-;python-lesson-sets-simple;-;-;python-lesson-sets-methods;-;-;python-lesson-collections-unique-letter;-;-;python-lesson-string-methods;-;-;python-lesson-collections-operation1;-;-;python-lesson-collections-operation2;-;-;python-lesson-collections-operation3;-;-
1374733083;Аня;380639779187;;python-lesson-lists-creation;-;-;python-lesson-lists-simple;-;-;python-lesson-lists-slice;-;-;python-lesson-lists;-;-;python-lesson-dict-simple;-;-;python-lesson-dict-methods;-;-;python-lesson-dict-loops;-;-;python-lesson-tuples;-;-;python-lesson-sets-simple;-;-;python-lesson-sets-methods;-;-;python-lesson-collections-unique-letter;-;-;python-lesson-string-methods;-;-;python-lesson-collections-operation1;-;-;python-lesson-collections-operation2;-;-;python-lesson-collections-operation3;-;-
793623186;Тата Тата;380509388583;;python-lesson-lists-creation;-;-;python-lesson-lists-simple;-;-;python-lesson-lists-slice;-;-;python-lesson-lists;-;-;python-lesson-dict-simple;-;-;python-lesson-dict-methods;-;-;python-lesson-dict-loops;-;-;python-lesson-tuples;-;-;python-lesson-sets-simple;-;-;python-lesson-sets-methods;-;-;python-lesson-collections-unique-letter;-;-;python-lesson-string-methods;-;-;python-lesson-collections-operation1;-;-;python-lesson-collections-operation2;-;-;python-lesson-collections-operation3;-;-
716865362;Людмила Егорова;380664069541;;python-lesson-lists-creation;-;-;python-lesson-lists-simple;-;-;python-lesson-lists-slice;-;-;python-lesson-lists;-;-;python-lesson-dict-simple;-;-;python-lesson-dict-methods;-;-;python-lesson-dict-loops;-;-;python-lesson-tuples;-;-;python-lesson-sets-simple;-;-;python-lesson-sets-methods;-;-;python-lesson-collections-unique-letter;-;-;python-lesson-string-methods;-;-;python-lesson-collections-operation1;-;-;python-lesson-collections-operation2;-;-;python-lesson-collections-operation3;-;-
901750513;Julia;380961120201;Yulchik1983;python-lesson-lists-creation;-;-;python-lesson-lists-simple;-;-;python-lesson-lists-slice;-;-;python-lesson-lists;-;-;python-lesson-dict-simple;-;-;python-lesson-dict-methods;-;-;python-lesson-dict-loops;-;-;python-lesson-tuples;-;-;python-lesson-sets-simple;-;-;python-lesson-sets-methods;-;-;python-lesson-collections-unique-letter;-;-;python-lesson-string-methods;-;-;python-lesson-collections-operation1;-;-;python-lesson-collections-operation2;-;-;python-lesson-collections-operation3;-;-
1339544245;Ирина Бовчалюк;380991531377;;python-lesson-lists-creation;-;-;python-lesson-lists-simple;-;-;python-lesson-lists-slice;-;-;python-lesson-lists;-;-;python-lesson-dict-simple;-;-;python-lesson-dict-methods;-;-;python-lesson-dict-loops;-;-;python-lesson-tuples;-;-;python-lesson-sets-simple;-;-;python-lesson-sets-methods;-;-;python-lesson-collections-unique-letter;-;-;python-lesson-string-methods;-;-;python-lesson-collections-operation1;-;-;python-lesson-collections-operation2;-;-;python-lesson-collections-operation3;-;-
404383345;Наталья;380974067575;Sigie7;python-lesson-lists-creation;-;-;python-lesson-lists-simple;-;-;python-lesson-lists-slice;-;-;python-lesson-lists;-;-;python-lesson-dict-simple;-;-;python-lesson-dict-methods;-;-;python-lesson-dict-loops;-;-;python-lesson-tuples;-;-;python-lesson-sets-simple;-;-;python-lesson-sets-methods;-;-;python-lesson-collections-unique-letter;-;-;python-lesson-string-methods;-;-;python-lesson-collections-operation1;-;-;python-lesson-collections-operation2;-;-;python-lesson-collections-operation3;-;-
630522134;Марина;380507174739;;python-lesson-lists-creation;-;-;python-lesson-lists-simple;-;-;python-lesson-lists-slice;-;-;python-lesson-lists;-;-;python-lesson-dict-simple;-;-;python-lesson-dict-methods;-;-;python-lesson-dict-loops;-;-;python-lesson-tuples;-;-;python-lesson-sets-simple;-;-;python-lesson-sets-methods;-;-;python-lesson-collections-unique-letter;-;-;python-lesson-string-methods;-;-;python-lesson-collections-operation1;-;-;python-lesson-collections-operation2;-;-;python-lesson-collections-operation3;-;-
284623239;Тетяна Даньшина;380936481009;TetyanaD;python-lesson-lists-creation;-;-;python-lesson-lists-simple;-;-;python-lesson-lists-slice;-;-;python-lesson-lists;-;-;python-lesson-dict-simple;-;-;python-lesson-dict-methods;-;-;python-lesson-dict-loops;-;-;python-lesson-tuples;-;-;python-lesson-sets-simple;-;-;python-lesson-sets-methods;-;-;python-lesson-collections-unique-letter;-;-;python-lesson-string-methods;-;-;python-lesson-collections-operation1;-;-;python-lesson-collections-operation2;-;-;python-lesson-collections-operation3;-;-
481053489;Alexandr Myronchuk;380673749325;;python-lesson-lists-creation;-;-;python-lesson-lists-simple;-;-;python-lesson-lists-slice;-;-;python-lesson-lists;-;-;python-lesson-dict-simple;-;-;python-lesson-dict-methods;-;-;python-lesson-dict-loops;-;-;python-lesson-tuples;-;-;python-lesson-sets-simple;-;-;python-lesson-sets-methods;-;-;python-lesson-collections-unique-letter;-;-;python-lesson-string-methods;-;-;python-lesson-collections-operation1;-;-;python-lesson-collections-operation2;-;-;python-lesson-collections-operation3;-;-
504666274;Анастасия;380677827867;;python-lesson-lists-creation;-;-;python-lesson-lists-simple;-;-;python-lesson-lists-slice;-;-;python-lesson-lists;-;-;python-lesson-dict-simple;-;-;python-lesson-dict-methods;-;-;python-lesson-dict-loops;-;-;python-lesson-tuples;-;-;python-lesson-sets-simple;-;-;python-lesson-sets-methods;-;-;python-lesson-collections-unique-letter;-;-;python-lesson-string-methods;-;-;python-lesson-collections-operation1;-;-;python-lesson-collections-operation2;-;-;python-lesson-collections-operation3;-;-
444924465;Татяна;380973532341;;python-lesson-lists-creation;-;-;python-lesson-lists-simple;-;-;python-lesson-lists-slice;-;-;python-lesson-lists;-;-;python-lesson-dict-simple;-;-;python-lesson-dict-methods;-;-;python-lesson-dict-loops;-;-;python-lesson-tuples;-;-;python-lesson-sets-simple;-;-;python-lesson-sets-methods;-;-;python-lesson-collections-unique-letter;-;-;python-lesson-string-methods;-;-;python-lesson-collections-operation1;-;-;python-lesson-collections-operation2;-;-;python-lesson-collections-operation3;-;-
1498627716;Elena Matveeva;380968419783;;python-lesson-lists-creation;-;-;python-lesson-lists-simple;-;-;python-lesson-lists-slice;-;-;python-lesson-lists;-;-;python-lesson-dict-simple;-;-;python-lesson-dict-methods;-;-;python-lesson-dict-loops;-;-;python-lesson-tuples;-;-;python-lesson-sets-simple;-;-;python-lesson-sets-methods;-;-;python-lesson-collections-unique-letter;-;-;python-lesson-string-methods;-;-;python-lesson-collections-operation1;-;-;python-lesson-collections-operation2;-;-;python-lesson-collections-operation3;-;-
807374408;Татьяна ???;380967887444;;python-lesson-lists-creation;-;-;python-lesson-lists-simple;-;-;python-lesson-lists-slice;-;-;python-lesson-lists;-;-;python-lesson-dict-simple;-;-;python-lesson-dict-methods;-;-;python-lesson-dict-loops;-;-;python-lesson-tuples;-;-;python-lesson-sets-simple;-;-;python-lesson-sets-methods;-;-;python-lesson-collections-unique-letter;-;-;python-lesson-string-methods;-;-;python-lesson-collections-operation1;-;-;python-lesson-collections-operation2;-;-;python-lesson-collections-operation3;-;-
908731502;алексей добрый;380662353222;DOBRUYI7;python-lesson-lists-creation;-;-;python-lesson-lists-simple;-;-;python-lesson-lists-slice;-;-;python-lesson-lists;-;-;python-lesson-dict-simple;-;-;python-lesson-dict-methods;-;-;python-lesson-dict-loops;-;-;python-lesson-tuples;-;-;python-lesson-sets-simple;-;-;python-lesson-sets-methods;-;-;python-lesson-collections-unique-letter;-;-;python-lesson-string-methods;-;-;python-lesson-collections-operation1;-;-;python-lesson-collections-operation2;-;-;python-lesson-collections-operation3;-;-
599071246;dima gavryutin;380632520163;;python-lesson-lists-creation;-;-;python-lesson-lists-simple;-;-;python-lesson-lists-slice;-;-;python-lesson-lists;-;-;python-lesson-dict-simple;-;-;python-lesson-dict-methods;-;-;python-lesson-dict-loops;-;-;python-lesson-tuples;-;-;python-lesson-sets-simple;-;-;python-lesson-sets-methods;-;-;python-lesson-collections-unique-letter;-;-;python-lesson-string-methods;-;-;python-lesson-collections-operation1;-;-;python-lesson-collections-operation2;-;-;python-lesson-collections-operation3;-;-
1298249835;Ёжик;380676867522;;python-lesson-lists-creation;-;-;python-lesson-lists-simple;-;-;python-lesson-lists-slice;-;-;python-lesson-lists;-;-;python-lesson-dict-simple;-;-;python-lesson-dict-methods;-;-;python-lesson-dict-loops;-;-;python-lesson-tuples;-;-;python-lesson-sets-simple;-;-;python-lesson-sets-methods;-;-;python-lesson-collections-unique-letter;-;-;python-lesson-string-methods;-;-;python-lesson-collections-operation1;-;-;python-lesson-collections-operation2;-;-;python-lesson-collections-operation3;-;-
912105807;Алена;380503000793;;python-lesson-lists-creation;-;-;python-lesson-lists-simple;-;-;python-lesson-lists-slice;-;-;python-lesson-lists;-;-;python-lesson-dict-simple;-;-;python-lesson-dict-methods;-;-;python-lesson-dict-loops;-;-;python-lesson-tuples;-;-;python-lesson-sets-simple;-;-;python-lesson-sets-methods;-;-;python-lesson-collections-unique-letter;-;-;python-lesson-string-methods;-;-;python-lesson-collections-operation1;-;-;python-lesson-collections-operation2;-;-;python-lesson-collections-operation3;-;-
1454672500;Валентин;380986234659;;python-lesson-lists-creation;-;-;python-lesson-lists-simple;-;-;python-lesson-lists-slice;-;-;python-lesson-lists;-;-;python-lesson-dict-simple;-;-;python-lesson-dict-methods;-;-;python-lesson-dict-loops;-;-;python-lesson-tuples;-;-;python-lesson-sets-simple;-;-;python-lesson-sets-methods;-;-;python-lesson-collections-unique-letter;-;-;python-lesson-string-methods;-;-;python-lesson-collections-operation1;-;-;python-lesson-collections-operation2;-;-;python-lesson-collections-operation3;-;-
306641128;Oleg;380977313030;dogmacorp;python-lesson-lists-creation;-;-;python-lesson-lists-simple;-;-;python-lesson-lists-slice;-;-;python-lesson-lists;-;-;python-lesson-dict-simple;-;-;python-lesson-dict-methods;-;-;python-lesson-dict-loops;-;-;python-lesson-tuples;-;-;python-lesson-sets-simple;-;-;python-lesson-sets-methods;-;-;python-lesson-collections-unique-letter;-;-;python-lesson-string-methods;-;-;python-lesson-collections-operation1;-;-;python-lesson-collections-operation2;-;-;python-lesson-collections-operation3;-;-
999078150;Марина Рогачёва;380990851432;bs_amelia;python-lesson-lists-creation;-;-;python-lesson-lists-simple;-;-;python-lesson-lists-slice;-;-;python-lesson-lists;-;-;python-lesson-dict-simple;-;-;python-lesson-dict-methods;-;-;python-lesson-dict-loops;-;-;python-lesson-tuples;-;-;python-lesson-sets-simple;-;-;python-lesson-sets-methods;-;-;python-lesson-collections-unique-letter;-;-;python-lesson-string-methods;-;-;python-lesson-collections-operation1;-;-;python-lesson-collections-operation2;-;-;python-lesson-collections-operation3;-;-
778032878;Елизавета;380508383123;;python-lesson-lists-creation;-;-;python-lesson-lists-simple;-;-;python-lesson-lists-slice;-;-;python-lesson-lists;-;-;python-lesson-dict-simple;-;-;python-lesson-dict-methods;-;-;python-lesson-dict-loops;-;-;python-lesson-tuples;-;-;python-lesson-sets-simple;-;-;python-lesson-sets-methods;-;-;python-lesson-collections-unique-letter;-;-;python-lesson-string-methods;-;-;python-lesson-collections-operation1;-;-;python-lesson-collections-operation2;-;-;python-lesson-collections-operation3;-;-
1202476952;Ольга;380976114681;;python-lesson-lists-creation;-;-;python-lesson-lists-simple;-;-;python-lesson-lists-slice;-;-;python-lesson-lists;-;-;python-lesson-dict-simple;-;-;python-lesson-dict-methods;-;-;python-lesson-dict-loops;-;-;python-lesson-tuples;-;-;python-lesson-sets-simple;-;-;python-lesson-sets-methods;-;-;python-lesson-collections-unique-letter;-;-;python-lesson-string-methods;-;-;python-lesson-collections-operation1;-;-;python-lesson-collections-operation2;-;-;python-lesson-collections-operation3;-;-
696004196;T M;380672301708;;python-lesson-lists-creation;-;-;python-lesson-lists-simple;-;-;python-lesson-lists-slice;-;-;python-lesson-lists;-;-;python-lesson-dict-simple;-;-;python-lesson-dict-methods;-;-;python-lesson-dict-loops;-;-;python-lesson-tuples;-;-;python-lesson-sets-simple;-;-;python-lesson-sets-methods;-;-;python-lesson-collections-unique-letter;-;-;python-lesson-string-methods;-;-;python-lesson-collections-operation1;-;-;python-lesson-collections-operation2;-;-;python-lesson-collections-operation3;-;-
869795748;Алик Губ;380638185641;;python-lesson-lists-creation;-;-;python-lesson-lists-simple;-;-;python-lesson-lists-slice;-;-;python-lesson-lists;-;-;python-lesson-dict-simple;-;-;python-lesson-dict-methods;-;-;python-lesson-dict-loops;-;-;python-lesson-tuples;-;-;python-lesson-sets-simple;-;-;python-lesson-sets-methods;-;-;python-lesson-collections-unique-letter;-;-;python-lesson-string-methods;-;-;python-lesson-collections-operation1;-;-;python-lesson-collections-operation2;-;-;python-lesson-collections-operation3;-;-
761090522;Tanya Rudchenko;380936566926;;python-lesson-lists-creation;-;-;python-lesson-lists-simple;-;-;python-lesson-lists-slice;-;-;python-lesson-lists;-;-;python-lesson-dict-simple;-;-;python-lesson-dict-methods;-;-;python-lesson-dict-loops;-;-;python-lesson-tuples;-;-;python-lesson-sets-simple;-;-;python-lesson-sets-methods;-;-;python-lesson-collections-unique-letter;-;-;python-lesson-string-methods;-;-;python-lesson-collections-operation1;-;-;python-lesson-collections-operation2;-;-;python-lesson-collections-operation3;-;-
518869093;Aleksandrova Anna @_beauty feya;380680330113;alexaa5555;python-lesson-lists-creation;-;-;python-lesson-lists-simple;-;-;python-lesson-lists-slice;-;-;python-lesson-lists;-;-;python-lesson-dict-simple;-;-;python-lesson-dict-methods;-;-;python-lesson-dict-loops;-;-;python-lesson-tuples;-;-;python-lesson-sets-simple;-;-;python-lesson-sets-methods;-;-;python-lesson-collections-unique-letter;-;-;python-lesson-string-methods;-;-;python-lesson-collections-operation1;-;-;python-lesson-collections-operation2;-;-;python-lesson-collections-operation3;-;-
1161937190;Маришка;380992698838;;python-lesson-lists-creation;-;-;python-lesson-lists-simple;-;-;python-lesson-lists-slice;-;-;python-lesson-lists;-;-;python-lesson-dict-simple;-;-;python-lesson-dict-methods;-;-;python-lesson-dict-loops;-;-;python-lesson-tuples;-;-;python-lesson-sets-simple;-;-;python-lesson-sets-methods;-;-;python-lesson-collections-unique-letter;-;-;python-lesson-string-methods;-;-;python-lesson-collections-operation1;-;-;python-lesson-collections-operation2;-;-;python-lesson-collections-operation3;-;-
509408775;?SAVULKA?;380635072081;savula;python-lesson-lists-creation;-;-;python-lesson-lists-simple;-;-;python-lesson-lists-slice;-;-;python-lesson-lists;-;-;python-lesson-dict-simple;-;-;python-lesson-dict-methods;-;-;python-lesson-dict-loops;-;-;python-lesson-tuples;-;-;python-lesson-sets-simple;-;-;python-lesson-sets-methods;-;-;python-lesson-collections-unique-letter;-;-;python-lesson-string-methods;-;-;python-lesson-collections-operation1;-;-;python-lesson-collections-operation2;-;-;python-lesson-collections-operation3;-;-
1347748950;Котлярова Мария;380960490692;;python-lesson-lists-creation;-;-;python-lesson-lists-simple;-;-;python-lesson-lists-slice;-;-;python-lesson-lists;-;-;python-lesson-dict-simple;-;-;python-lesson-dict-methods;-;-;python-lesson-dict-loops;-;-;python-lesson-tuples;-;-;python-lesson-sets-simple;-;-;python-lesson-sets-methods;-;-;python-lesson-collections-unique-letter;-;-;python-lesson-string-methods;-;-;python-lesson-collections-operation1;-;-;python-lesson-collections-operation2;-;-;python-lesson-collections-operation3;-;-
495481428;Tina;380636422992;;python-lesson-lists-creation;-;-;python-lesson-lists-simple;-;-;python-lesson-lists-slice;-;-;python-lesson-lists;-;-;python-lesson-dict-simple;-;-;python-lesson-dict-methods;-;-;python-lesson-dict-loops;-;-;python-lesson-tuples;-;-;python-lesson-sets-simple;-;-;python-lesson-sets-methods;-;-;python-lesson-collections-unique-letter;-;-;python-lesson-string-methods;-;-;python-lesson-collections-operation1;-;-;python-lesson-collections-operation2;-;-;python-lesson-collections-operation3;-;-
903036907;Tanya Sokolova;380639360129;;python-lesson-lists-creation;-;-;python-lesson-lists-simple;-;-;python-lesson-lists-slice;-;-;python-lesson-lists;-;-;python-lesson-dict-simple;-;-;python-lesson-dict-methods;-;-;python-lesson-dict-loops;-;-;python-lesson-tuples;-;-;python-lesson-sets-simple;-;-;python-lesson-sets-methods;-;-;python-lesson-collections-unique-letter;-;-;python-lesson-string-methods;-;-;python-lesson-collections-operation1;-;-;python-lesson-collections-operation2;-;-;python-lesson-collections-operation3;-;-
1208611934;Iren;380956616745;;python-lesson-lists-creation;-;-;python-lesson-lists-simple;-;-;python-lesson-lists-slice;-;-;python-lesson-lists;-;-;python-lesson-dict-simple;-;-;python-lesson-dict-methods;-;-;python-lesson-dict-loops;-;-;python-lesson-tuples;-;-;python-lesson-sets-simple;-;-;python-lesson-sets-methods;-;-;python-lesson-collections-unique-letter;-;-;python-lesson-string-methods;-;-;python-lesson-collections-operation1;-;-;python-lesson-collections-operation2;-;-;python-lesson-collections-operation3;-;-
1101510221;Ivanna Ostapchuk;380963993090;Y_F_I_L_I_N_Y;python-lesson-lists-creation;-;-;python-lesson-lists-simple;-;-;python-lesson-lists-slice;-;-;python-lesson-lists;-;-;python-lesson-dict-simple;-;-;python-lesson-dict-methods;-;-;python-lesson-dict-loops;-;-;python-lesson-tuples;-;-;python-lesson-sets-simple;-;-;python-lesson-sets-methods;-;-;python-lesson-collections-unique-letter;-;-;python-lesson-string-methods;-;-;python-lesson-collections-operation1;-;-;python-lesson-collections-operation2;-;-;python-lesson-collections-operation3;-;-
1056418749;Юлия;;Ulija_2020;python-lesson-lists-creation;-;-;python-lesson-lists-simple;-;-;python-lesson-lists-slice;-;-;python-lesson-lists;-;-;python-lesson-dict-simple;-;-;python-lesson-dict-methods;-;-;python-lesson-dict-loops;-;-;python-lesson-tuples;-;-;python-lesson-sets-simple;-;-;python-lesson-sets-methods;-;-;python-lesson-collections-unique-letter;-;-;python-lesson-string-methods;-;-;python-lesson-collections-operation1;-;-;python-lesson-collections-operation2;-;-;python-lesson-collections-operation3;-;-
713153862;LEV Car Zverey;380991527701;VOLKODINOCHK;python-lesson-lists-creation;-;-;python-lesson-lists-simple;-;-;python-lesson-lists-slice;-;-;python-lesson-lists;-;-;python-lesson-dict-simple;-;-;python-lesson-dict-methods;-;-;python-lesson-dict-loops;-;-;python-lesson-tuples;-;-;python-lesson-sets-simple;-;-;python-lesson-sets-methods;-;-;python-lesson-collections-unique-letter;-;-;python-lesson-string-methods;-;-;python-lesson-collections-operation1;-;-;python-lesson-collections-operation2;-;-;python-lesson-collections-operation3;-;-
585301988;Анна Анна;380637199817;Anna_Eliseeva1985;python-lesson-lists-creation;-;-;python-lesson-lists-simple;-;-;python-lesson-lists-slice;-;-;python-lesson-lists;-;-;python-lesson-dict-simple;-;-;python-lesson-dict-methods;-;-;python-lesson-dict-loops;-;-;python-lesson-tuples;-;-;python-lesson-sets-simple;-;-;python-lesson-sets-methods;-;-;python-lesson-collections-unique-letter;-;-;python-lesson-string-methods;-;-;python-lesson-collections-operation1;-;-;python-lesson-collections-operation2;-;-;python-lesson-collections-operation3;-;-
883576384;Анна;380675773839;;python-lesson-lists-creation;-;-;python-lesson-lists-simple;-;-;python-lesson-lists-slice;-;-;python-lesson-lists;-;-;python-lesson-dict-simple;-;-;python-lesson-dict-methods;-;-;python-lesson-dict-loops;-;-;python-lesson-tuples;-;-;python-lesson-sets-simple;-;-;python-lesson-sets-methods;-;-;python-lesson-collections-unique-letter;-;-;python-lesson-string-methods;-;-;python-lesson-collections-operation1;-;-;python-lesson-collections-operation2;-;-;python-lesson-collections-operation3;-;-
1064250380;Olha Rasputina;380938381681;;python-lesson-lists-creation;-;-;python-lesson-lists-simple;-;-;python-lesson-lists-slice;-;-;python-lesson-lists;-;-;python-lesson-dict-simple;-;-;python-lesson-dict-methods;-;-;python-lesson-dict-loops;-;-;python-lesson-tuples;-;-;python-lesson-sets-simple;-;-;python-lesson-sets-methods;-;-;python-lesson-collections-unique-letter;-;-;python-lesson-string-methods;-;-;python-lesson-collections-operation1;-;-;python-lesson-collections-operation2;-;-;python-lesson-collections-operation3;-;-
655334628;Мария Кущ;380996498702;;python-lesson-lists-creation;-;-;python-lesson-lists-simple;-;-;python-lesson-lists-slice;-;-;python-lesson-lists;-;-;python-lesson-dict-simple;-;-;python-lesson-dict-methods;-;-;python-lesson-dict-loops;-;-;python-lesson-tuples;-;-;python-lesson-sets-simple;-;-;python-lesson-sets-methods;-;-;python-lesson-collections-unique-letter;-;-;python-lesson-string-methods;-;-;python-lesson-collections-operation1;-;-;python-lesson-collections-operation2;-;-;python-lesson-collections-operation3;-;-
1067201506;Alena Varavina;380971281091;;python-lesson-lists-creation;-;-;python-lesson-lists-simple;-;-;python-lesson-lists-slice;-;-;python-lesson-lists;-;-;python-lesson-dict-simple;-;-;python-lesson-dict-methods;-;-;python-lesson-dict-loops;-;-;python-lesson-tuples;-;-;python-lesson-sets-simple;-;-;python-lesson-sets-methods;-;-;python-lesson-collections-unique-letter;-;-;python-lesson-string-methods;-;-;python-lesson-collections-operation1;-;-;python-lesson-collections-operation2;-;-;python-lesson-collections-operation3;-;-
78226944;V. K.;380636744672;;python-lesson-lists-creation;-;-;python-lesson-lists-simple;-;-;python-lesson-lists-slice;-;-;python-lesson-lists;-;-;python-lesson-dict-simple;-;-;python-lesson-dict-methods;-;-;python-lesson-dict-loops;-;-;python-lesson-tuples;-;-;python-lesson-sets-simple;-;-;python-lesson-sets-methods;-;-;python-lesson-collections-unique-letter;-;-;python-lesson-string-methods;-;-;python-lesson-collections-operation1;-;-;python-lesson-collections-operation2;-;-;python-lesson-collections-operation3;-;-
322832202;Ann Poshidaeva;380503622456;;python-lesson-lists-creation;-;-;python-lesson-lists-simple;-;-;python-lesson-lists-slice;-;-;python-lesson-lists;-;-;python-lesson-dict-simple;-;-;python-lesson-dict-methods;-;-;python-lesson-dict-loops;-;-;python-lesson-tuples;-;-;python-lesson-sets-simple;-;-;python-lesson-sets-methods;-;-;python-lesson-collections-unique-letter;-;-;python-lesson-string-methods;-;-;python-lesson-collections-operation1;-;-;python-lesson-collections-operation2;-;-;python-lesson-collections-operation3;-;-
698828437;Анна;380509299890;;python-lesson-lists-creation;-;-;python-lesson-lists-simple;-;-;python-lesson-lists-slice;-;-;python-lesson-lists;-;-;python-lesson-dict-simple;-;-;python-lesson-dict-methods;-;-;python-lesson-dict-loops;-;-;python-lesson-tuples;-;-;python-lesson-sets-simple;-;-;python-lesson-sets-methods;-;-;python-lesson-collections-unique-letter;-;-;python-lesson-string-methods;-;-;python-lesson-collections-operation1;-;-;python-lesson-collections-operation2;-;-;python-lesson-collections-operation3;-;-
1198004240;галина вербовая;380675415487;;python-lesson-lists-creation;-;-;python-lesson-lists-simple;-;-;python-lesson-lists-slice;-;-;python-lesson-lists;-;-;python-lesson-dict-simple;-;-;python-lesson-dict-methods;-;-;python-lesson-dict-loops;-;-;python-lesson-tuples;-;-;python-lesson-sets-simple;-;-;python-lesson-sets-methods;-;-;python-lesson-collections-unique-letter;-;-;python-lesson-string-methods;-;-;python-lesson-collections-operation1;-;-;python-lesson-collections-operation2;-;-;python-lesson-collections-operation3;-;-
1419456808;Oleksa;380682617503;oleksandramalakutsko;python-lesson-lists-creation;-;-;python-lesson-lists-simple;-;-;python-lesson-lists-slice;-;-;python-lesson-lists;-;-;python-lesson-dict-simple;-;-;python-lesson-dict-methods;-;-;python-lesson-dict-loops;-;-;python-lesson-tuples;-;-;python-lesson-sets-simple;-;-;python-lesson-sets-methods;-;-;python-lesson-collections-unique-letter;-;-;python-lesson-string-methods;-;-;python-lesson-collections-operation1;-;-;python-lesson-collections-operation2;-;-;python-lesson-collections-operation3;-;-
878439571;Алёнка;380502848806;;python-lesson-lists-creation;-;-;python-lesson-lists-simple;-;-;python-lesson-lists-slice;-;-;python-lesson-lists;-;-;python-lesson-dict-simple;-;-;python-lesson-dict-methods;-;-;python-lesson-dict-loops;-;-;python-lesson-tuples;-;-;python-lesson-sets-simple;-;-;python-lesson-sets-methods;-;-;python-lesson-collections-unique-letter;-;-;python-lesson-string-methods;-;-;python-lesson-collections-operation1;-;-;python-lesson-collections-operation2;-;-;python-lesson-collections-operation3;-;-
933652848;Slava F;380671583279;;python-lesson-lists-creation;-;-;python-lesson-lists-simple;-;-;python-lesson-lists-slice;-;-;python-lesson-lists;-;-;python-lesson-dict-simple;-;-;python-lesson-dict-methods;-;-;python-lesson-dict-loops;-;-;python-lesson-tuples;-;-;python-lesson-sets-simple;-;-;python-lesson-sets-methods;-;-;python-lesson-collections-unique-letter;-;-;python-lesson-string-methods;-;-;python-lesson-collections-operation1;-;-;python-lesson-collections-operation2;-;-;python-lesson-collections-operation3;-;-
745352461;Julia Grytsai;380504695794;;python-lesson-lists-creation;-;-;python-lesson-lists-simple;-;-;python-lesson-lists-slice;-;-;python-lesson-lists;-;-;python-lesson-dict-simple;-;-;python-lesson-dict-methods;-;-;python-lesson-dict-loops;-;-;python-lesson-tuples;-;-;python-lesson-sets-simple;-;-;python-lesson-sets-methods;-;-;python-lesson-collections-unique-letter;-;-;python-lesson-string-methods;-;-;python-lesson-collections-operation1;-;-;python-lesson-collections-operation2;-;-;python-lesson-collections-operation3;-;-
436537853;Inna;380674849073;;python-lesson-lists-creation;-;-;python-lesson-lists-simple;-;-;python-lesson-lists-slice;-;-;python-lesson-lists;-;-;python-lesson-dict-simple;-;-;python-lesson-dict-methods;-;-;python-lesson-dict-loops;-;-;python-lesson-tuples;-;-;python-lesson-sets-simple;-;-;python-lesson-sets-methods;-;-;python-lesson-collections-unique-letter;-;-;python-lesson-string-methods;-;-;python-lesson-collections-operation1;-;-;python-lesson-collections-operation2;-;-;python-lesson-collections-operation3;-;-
959014114;Iren;380677190944;Skolyr;python-lesson-lists-creation;-;-;python-lesson-lists-simple;-;-;python-lesson-lists-slice;-;-;python-lesson-lists;-;-;python-lesson-dict-simple;-;-;python-lesson-dict-methods;-;-;python-lesson-dict-loops;-;-;python-lesson-tuples;-;-;python-lesson-sets-simple;-;-;python-lesson-sets-methods;-;-;python-lesson-collections-unique-letter;-;-;python-lesson-string-methods;-;-;python-lesson-collections-operation1;-;-;python-lesson-collections-operation2;-;-;python-lesson-collections-operation3;-;-
1083658050;Наталья Берестенко;380685342368;;python-lesson-lists-creation;-;-;python-lesson-lists-simple;-;-;python-lesson-lists-slice;-;-;python-lesson-lists;-;-;python-lesson-dict-simple;-;-;python-lesson-dict-methods;-;-;python-lesson-dict-loops;-;-;python-lesson-tuples;-;-;python-lesson-sets-simple;-;-;python-lesson-sets-methods;-;-;python-lesson-collections-unique-letter;-;-;python-lesson-string-methods;-;-;python-lesson-collections-operation1;-;-;python-lesson-collections-operation2;-;-;python-lesson-collections-operation3;-;-
962672628;Valeriya Malenko;380970890444;;python-lesson-lists-creation;-;-;python-lesson-lists-simple;-;-;python-lesson-lists-slice;-;-;python-lesson-lists;-;-;python-lesson-dict-simple;-;-;python-lesson-dict-methods;-;-;python-lesson-dict-loops;-;-;python-lesson-tuples;-;-;python-lesson-sets-simple;-;-;python-lesson-sets-methods;-;-;python-lesson-collections-unique-letter;-;-;python-lesson-string-methods;-;-;python-lesson-collections-operation1;-;-;python-lesson-collections-operation2;-;-;python-lesson-collections-operation3;-;-
294128787;Люда;380975720522;;python-lesson-lists-creation;-;-;python-lesson-lists-simple;-;-;python-lesson-lists-slice;-;-;python-lesson-lists;-;-;python-lesson-dict-simple;-;-;python-lesson-dict-methods;-;-;python-lesson-dict-loops;-;-;python-lesson-tuples;-;-;python-lesson-sets-simple;-;-;python-lesson-sets-methods;-;-;python-lesson-collections-unique-letter;-;-;python-lesson-string-methods;-;-;python-lesson-collections-operation1;-;-;python-lesson-collections-operation2;-;-;python-lesson-collections-operation3;-;-
691239349;ВИТАЛИЙ ЕРЕМЕЕВ;380509863158;;python-lesson-lists-creation;-;-;python-lesson-lists-simple;-;-;python-lesson-lists-slice;-;-;python-lesson-lists;-;-;python-lesson-dict-simple;-;-;python-lesson-dict-methods;-;-;python-lesson-dict-loops;-;-;python-lesson-tuples;-;-;python-lesson-sets-simple;-;-;python-lesson-sets-methods;-;-;python-lesson-collections-unique-letter;-;-;python-lesson-string-methods;-;-;python-lesson-collections-operation1;-;-;python-lesson-collections-operation2;-;-;python-lesson-collections-operation3;-;-
166902266;Elena Tsv.;380631105228;ElenaTsv1;python-lesson-lists-creation;-;-;python-lesson-lists-simple;-;-;python-lesson-lists-slice;-;-;python-lesson-lists;-;-;python-lesson-dict-simple;-;-;python-lesson-dict-methods;-;-;python-lesson-dict-loops;-;-;python-lesson-tuples;-;-;python-lesson-sets-simple;-;-;python-lesson-sets-methods;-;-;python-lesson-collections-unique-letter;-;-;python-lesson-string-methods;-;-;python-lesson-collections-operation1;-;-;python-lesson-collections-operation2;-;-;python-lesson-collections-operation3;-;-
440760239;Алина Alinanice;380935840585;Alinanice;python-lesson-lists-creation;-;-;python-lesson-lists-simple;-;-;python-lesson-lists-slice;-;-;python-lesson-lists;-;-;python-lesson-dict-simple;-;-;python-lesson-dict-methods;-;-;python-lesson-dict-loops;-;-;python-lesson-tuples;-;-;python-lesson-sets-simple;-;-;python-lesson-sets-methods;-;-;python-lesson-collections-unique-letter;-;-;python-lesson-string-methods;-;-;python-lesson-collections-operation1;-;-;python-lesson-collections-operation2;-;-;python-lesson-collections-operation3;-;-
1483804108;Svetik Virkun;380971905711;;python-lesson-lists-creation;-;-;python-lesson-lists-simple;-;-;python-lesson-lists-slice;-;-;python-lesson-lists;-;-;python-lesson-dict-simple;-;-;python-lesson-dict-methods;-;-;python-lesson-dict-loops;-;-;python-lesson-tuples;-;-;python-lesson-sets-simple;-;-;python-lesson-sets-methods;-;-;python-lesson-collections-unique-letter;-;-;python-lesson-string-methods;-;-;python-lesson-collections-operation1;-;-;python-lesson-collections-operation2;-;-;python-lesson-collections-operation3;-;-
1033974036;Нила Косюга;3800995094374;;python-lesson-lists-creation;-;-;python-lesson-lists-simple;-;-;python-lesson-lists-slice;-;-;python-lesson-lists;-;-;python-lesson-dict-simple;-;-;python-lesson-dict-methods;-;-;python-lesson-dict-loops;-;-;python-lesson-tuples;-;-;python-lesson-sets-simple;-;-;python-lesson-sets-methods;-;-;python-lesson-collections-unique-letter;-;-;python-lesson-string-methods;-;-;python-lesson-collections-operation1;-;-;python-lesson-collections-operation2;-;-;python-lesson-collections-operation3;-;-
728484532;Елена;380972447467;;python-lesson-lists-creation;-;-;python-lesson-lists-simple;-;-;python-lesson-lists-slice;-;-;python-lesson-lists;-;-;python-lesson-dict-simple;-;-;python-lesson-dict-methods;-;-;python-lesson-dict-loops;-;-;python-lesson-tuples;-;-;python-lesson-sets-simple;-;-;python-lesson-sets-methods;-;-;python-lesson-collections-unique-letter;-;-;python-lesson-string-methods;-;-;python-lesson-collections-operation1;-;-;python-lesson-collections-operation2;-;-;python-lesson-collections-operation3;-;-
517194483;Светлана;380958388708;;python-lesson-lists-creation;-;-;python-lesson-lists-simple;-;-;python-lesson-lists-slice;-;-;python-lesson-lists;-;-;python-lesson-dict-simple;-;-;python-lesson-dict-methods;-;-;python-lesson-dict-loops;-;-;python-lesson-tuples;-;-;python-lesson-sets-simple;-;-;python-lesson-sets-methods;-;-;python-lesson-collections-unique-letter;-;-;python-lesson-string-methods;-;-;python-lesson-collections-operation1;-;-;python-lesson-collections-operation2;-;-;python-lesson-collections-operation3;-;-
1349991553;Irinka Irinka;380995074452;;python-lesson-lists-creation;-;-;python-lesson-lists-simple;-;-;python-lesson-lists-slice;-;-;python-lesson-lists;-;-;python-lesson-dict-simple;-;-;python-lesson-dict-methods;-;-;python-lesson-dict-loops;-;-;python-lesson-tuples;-;-;python-lesson-sets-simple;-;-;python-lesson-sets-methods;-;-;python-lesson-collections-unique-letter;-;-;python-lesson-string-methods;-;-;python-lesson-collections-operation1;-;-;python-lesson-collections-operation2;-;-;python-lesson-collections-operation3;-;-
1104603313;???;380507459797;;python-lesson-lists-creation;-;-;python-lesson-lists-simple;-;-;python-lesson-lists-slice;-;-;python-lesson-lists;-;-;python-lesson-dict-simple;-;-;python-lesson-dict-methods;-;-;python-lesson-dict-loops;-;-;python-lesson-tuples;-;-;python-lesson-sets-simple;-;-;python-lesson-sets-methods;-;-;python-lesson-collections-unique-letter;-;-;python-lesson-string-methods;-;-;python-lesson-collections-operation1;-;-;python-lesson-collections-operation2;-;-;python-lesson-collections-operation3;-;-
733763250;pandabar.com.ua;380954233528;;python-lesson-lists-creation;-;-;python-lesson-lists-simple;-;-;python-lesson-lists-slice;-;-;python-lesson-lists;-;-;python-lesson-dict-simple;-;-;python-lesson-dict-methods;-;-;python-lesson-dict-loops;-;-;python-lesson-tuples;-;-;python-lesson-sets-simple;-;-;python-lesson-sets-methods;-;-;python-lesson-collections-unique-letter;-;-;python-lesson-string-methods;-;-;python-lesson-collections-operation1;-;-;python-lesson-collections-operation2;-;-;python-lesson-collections-operation3;-;-
1434089514;Алина Ромахина;380990446955;;python-lesson-lists-creation;-;-;python-lesson-lists-simple;-;-;python-lesson-lists-slice;-;-;python-lesson-lists;-;-;python-lesson-dict-simple;-;-;python-lesson-dict-methods;-;-;python-lesson-dict-loops;-;-;python-lesson-tuples;-;-;python-lesson-sets-simple;-;-;python-lesson-sets-methods;-;-;python-lesson-collections-unique-letter;-;-;python-lesson-string-methods;-;-;python-lesson-collections-operation1;-;-;python-lesson-collections-operation2;-;-;python-lesson-collections-operation3;-;-
474115812;Anna;380666827266;;python-lesson-lists-creation;-;-;python-lesson-lists-simple;-;-;python-lesson-lists-slice;-;-;python-lesson-lists;-;-;python-lesson-dict-simple;-;-;python-lesson-dict-methods;-;-;python-lesson-dict-loops;-;-;python-lesson-tuples;-;-;python-lesson-sets-simple;-;-;python-lesson-sets-methods;-;-;python-lesson-collections-unique-letter;-;-;python-lesson-string-methods;-;-;python-lesson-collections-operation1;-;-;python-lesson-collections-operation2;-;-;python-lesson-collections-operation3;-;-
